{
  "version": 1,
  "author": "Anonymous maker",
  "editor": "wokwi",
  "parts": [
    { "type": "wokwi-esp32-devkit-v1", "id": "esp", "top": 4.8, "left": -127.69, "attrs": {} },
    {
      "type": "wokwi-dht22",
      "id": "dht1",
      "top": -76.72,
      "left": 137.76,
      "attrs": { "temperature": "53.2" }
    }
  ],
  "connections": [
    [ "esp:TX0", "$serialMonitor:RX", "", [] ],
    [ "esp:RX0", "$serialMonitor:TX", "", [] ],
    [ "dht1:VCC", "esp:3V3", "red", [ "v0" ] ],
    [ "dht1:GND", "esp:GND.1", "black", [ "v0" ] ],
    [ "dht1:SDA", "esp:D15", "green", [ "v101.76", "h-2.06" ] ]
  ]
}